vendor,title,img,img_path
All,森林舞会2,https://apis.dfbiu.com/uploads/images/apipicture/affiliates/FG/FGmslwh2.png,out_images\images\All__森林舞会2.png
All,抢红包3,https://apis.dfbiu.com/uploads/images/apipicture/affiliates/FG/FGqhb3.png,out_images\images\All__抢红包3.png
All,百变猴子2,https://apis.dfbiu.com/uploads/images/apipicture/affiliates/FG/FGmcm2.png,out_images\images\All__百变猴子2.png
All,水果派对2,https://apis.dfbiu.com/uploads/images/apipicture/affiliates/FG/FGparty2.png,out_images\images\All__水果派对2.png
All,发发发2,https://apis.dfbiu.com/uploads/images/apipicture/affiliates/FG/FGfff2.png,out_images\images\All__发发发2.png
All,抢红包2,https://apis.dfbiu.com/uploads/images/apipicture/affiliates/FG/FGqhb.png,out_images\images\All__抢红包2.png
All,金瓶梅2,https://apis.dfbiu.com/uploads/images/apipicture/affiliates/FG/FGxjpm.png,out_images\images\All__金瓶梅2.png
All,水浒英雄,https://apis.dfbiu.com/uploads/images/apipicture/affiliates/FG/FGyxsh.png,out_images\images\All__水浒英雄.png
All,发发发,https://apis.dfbiu.com/uploads/images/apipicture/affiliates/FG/FGfff.png,out_images\images\All__发发发.png
All,街机水浒传,https://apis.dfbiu.com/uploads/images/apipicture/affiliates/FG/FGmawm.png,out_images\images\All__街机水浒传.png
All,,https://apis.dfbiu.com/uploads/images/apipicture/affiliates/FG/FGmslwh2.png,out_images\images\All__img.png
All,,https://apis.dfbiu.com/uploads/images/apipicture/affiliates/FG/FGqhb3.png,out_images\images\All__img.png
All,,https://apis.dfbiu.com/uploads/images/apipicture/affiliates/FG/FGmcm2.png,out_images\images\All__img.png
All,,https://apis.dfbiu.com/uploads/images/apipicture/affiliates/FG/FGparty2.png,out_images\images\All__img.png
All,,https://apis.dfbiu.com/uploads/images/apipicture/affiliates/FG/FGfff2.png,out_images\images\All__img.png
All,,https://apis.dfbiu.com/uploads/images/apipicture/affiliates/FG/FGqhb.png,out_images\images\All__img.png
All,,https://apis.dfbiu.com/uploads/images/apipicture/affiliates/FG/FGxjpm.png,out_images\images\All__img.png
All,,https://apis.dfbiu.com/uploads/images/apipicture/affiliates/FG/FGyxsh.png,out_images\images\All__img.png
All,,https://apis.dfbiu.com/uploads/images/apipicture/affiliates/FG/FGfff.png,out_images\images\All__img.png
All,,https://apis.dfbiu.com/uploads/images/apipicture/affiliates/FG/FGmawm.png,out_images\images\All__img.png
All,多福多财,https://apis.dfbiu.com/uploads/images/apipicture/affiliates/FG/FGdfdc.png,out_images\images\All__多福多财.png
All,新年,https://apis.dfbiu.com/uploads/images/apipicture/affiliates/FG/FGny.png,out_images\images\All__新年.png
All,百变猴子,https://apis.dfbiu.com/uploads/images/apipicture/affiliates/FG/FGmcm.png,out_images\images\All__百变猴子.png
All,水果派对,https://apis.dfbiu.com/uploads/images/apipicture/affiliates/FG/FGparty.png,out_images\images\All__水果派对.png
All,海岛奇兵,https://apis.dfbiu.com/uploads/images/apipicture/affiliates/FG/FGmboombeach.png,out_images\images\All__海岛奇兵.png
All,古怪猴子,https://apis.dfbiu.com/uploads/images/apipicture/affiliates/FG/FGgghz.png,out_images\images\All__古怪猴子.png
All,速度与激情,https://apis.dfbiu.com/uploads/images/apipicture/affiliates/FG/FGfastf.png,out_images\images\All__速度与激情.png
All,蜘蛛侠,https://apis.dfbiu.com/uploads/images/apipicture/affiliates/FG/FGzzx.png,out_images\images\All__蜘蛛侠.png
All,泰坦尼克号,https://apis.dfbiu.com/uploads/images/apipicture/affiliates/FG/FGmtitanic.png,out_images\images\All__泰坦尼克号.png
All,鹊桥会,https://apis.dfbiu.com/uploads/images/apipicture/affiliates/FG/FGqqh.png,out_images\images\All__鹊桥会.png
All,,https://apis.dfbiu.com/uploads/images/apipicture/affiliates/FG/FGdfdc.png,out_images\images\All__img.png
All,,https://apis.dfbiu.com/uploads/images/apipicture/affiliates/FG/FGny.png,out_images\images\All__img.png
All,,https://apis.dfbiu.com/uploads/images/apipicture/affiliates/FG/FGmcm.png,out_images\images\All__img.png
All,,https://apis.dfbiu.com/uploads/images/apipicture/affiliates/FG/FGparty.png,out_images\images\All__img.png
All,,https://apis.dfbiu.com/uploads/images/apipicture/affiliates/FG/FGmboombeach.png,out_images\images\All__img.png
All,,https://apis.dfbiu.com/uploads/images/apipicture/affiliates/FG/FGgghz.png,out_images\images\All__img.png
All,,https://apis.dfbiu.com/uploads/images/apipicture/affiliates/FG/FGfastf.png,out_images\images\All__img.png
All,,https://apis.dfbiu.com/uploads/images/apipicture/affiliates/FG/FGzzx.png,out_images\images\All__img.png
All,,https://apis.dfbiu.com/uploads/images/apipicture/affiliates/FG/FGmtitanic.png,out_images\images\All__img.png
All,,https://apis.dfbiu.com/uploads/images/apipicture/affiliates/FG/FGqqh.png,out_images\images\All__img.png
All,船长宝藏,https://apis.dfbiu.com/uploads/images/apipicture/affiliates/FG/FGmczbz.png,out_images\images\All__船长宝藏.png
All,人猿泰山,https://apis.dfbiu.com/uploads/images/apipicture/affiliates/FG/FGryts.png,out_images\images\All__人猿泰山.png
All,激情世界杯,https://apis.dfbiu.com/uploads/images/apipicture/affiliates/FG/FGmjqsjb.png,out_images\images\All__激情世界杯.png
All,激情球迷,https://apis.dfbiu.com/uploads/images/apipicture/affiliates/FG/FGmjqqm.png,out_images\images\All__激情球迷.png
All,金靴争霸,https://apis.dfbiu.com/uploads/images/apipicture/affiliates/FG/FGmjxzb.png,out_images\images\All__金靴争霸.png
All,群星闪耀,https://apis.dfbiu.com/uploads/images/apipicture/affiliates/FG/FGqunxshanyao.png,out_images\images\All__群星闪耀.png
All,潘帕斯雄鹰,https://apis.dfbiu.com/uploads/images/apipicture/affiliates/FG/FGpanpasixiongying.png,out_images\images\All__潘帕斯雄鹰.png
All,世界杯吉祥物,https://apis.dfbiu.com/uploads/images/apipicture/affiliates/FG/FGsjbjxw.png,out_images\images\All__世界杯吉祥物.png
All,黄金右脚,https://apis.dfbiu.com/uploads/images/apipicture/affiliates/FG/FGhjyj.png,out_images\images\All__黄金右脚.png
All,,https://apis.dfbiu.com/uploads/images/apipicture/affiliates/FG/FGmcrazy7.png,out_images\images\All__img.png
All,,https://apis.dfbiu.com/uploads/images/apipicture/affiliates/FG/FGmczbz.png,out_images\images\All__img.png
All,,https://apis.dfbiu.com/uploads/images/apipicture/affiliates/FG/FGryts.png,out_images\images\All__img.png
All,,https://apis.dfbiu.com/uploads/images/apipicture/affiliates/FG/FGmjqsjb.png,out_images\images\All__img.png
All,,https://apis.dfbiu.com/uploads/images/apipicture/affiliates/FG/FGmjqqm.png,out_images\images\All__img.png
All,,https://apis.dfbiu.com/uploads/images/apipicture/affiliates/FG/FGmjxzb.png,out_images\images\All__img.png
All,,https://apis.dfbiu.com/uploads/images/apipicture/affiliates/FG/FGqunxshanyao.png,out_images\images\All__img.png
All,,https://apis.dfbiu.com/uploads/images/apipicture/affiliates/FG/FGpanpasixiongying.png,out_images\images\All__img.png
All,,https://apis.dfbiu.com/uploads/images/apipicture/affiliates/FG/FGsjbjxw.png,out_images\images\All__img.png
All,,https://apis.dfbiu.com/uploads/images/apipicture/affiliates/FG/FGhjyj.png,out_images\images\All__img.png
All,疯狂七,https://apis.dfbiu.com/uploads/images/apipicture/affiliates/FG/FGmcrazy7.png,out_images\images\All__疯狂七.png
All,森林舞会,https://apis.dfbiu.com/uploads/images/apipicture/affiliates/FG/FGmslwh.png,out_images\images\All__森林舞会.png
All,闹元宵,https://apis.dfbiu.com/uploads/images/apipicture/affiliates/FG/FGmnys.png,out_images\images\All__闹元宵.png
All,抢红包,https://apis.dfbiu.com/uploads/images/apipicture/affiliates/FG/FGmqhb.png,out_images\images\All__抢红包.png
All,灌篮高手,https://apis.dfbiu.com/uploads/images/apipicture/affiliates/FG/FGmsd.png,out_images\images\All__灌篮高手.png
All,埃及女王,https://apis.dfbiu.com/uploads/images/apipicture/affiliates/FG/FGaijinw.png,out_images\images\All__埃及女王.png
All,角斗士,https://apis.dfbiu.com/uploads/images/apipicture/affiliates/FG/FGjiaods.png,out_images\images\All__角斗士.png
All,恭贺新春,https://apis.dfbiu.com/uploads/images/apipicture/affiliates/FG/FGghxc.png,out_images\images\All__恭贺新春.png
All,金狗旺财,https://apis.dfbiu.com/uploads/images/apipicture/affiliates/FG/FGjgwc.png,out_images\images\All__金狗旺财.png
All,湛蓝深海,https://apis.dfbiu.com/uploads/images/apipicture/affiliates/FG/FGxsjr.png,out_images\images\All__湛蓝深海.png
All,,https://apis.dfbiu.com/uploads/images/apipicture/affiliates/FG/FGjqzb.png,out_images\images\All__img.png
All,,https://apis.dfbiu.com/uploads/images/apipicture/affiliates/FG/FGmslwh.png,out_images\images\All__img.png
All,,https://apis.dfbiu.com/uploads/images/apipicture/affiliates/FG/FGmnys.png,out_images\images\All__img.png
All,,https://apis.dfbiu.com/uploads/images/apipicture/affiliates/FG/FGmqhb.png,out_images\images\All__img.png
All,,https://apis.dfbiu.com/uploads/images/apipicture/affiliates/FG/FGmsd.png,out_images\images\All__img.png
All,,https://apis.dfbiu.com/uploads/images/apipicture/affiliates/FG/FGaijinw.png,out_images\images\All__img.png
All,,https://apis.dfbiu.com/uploads/images/apipicture/affiliates/FG/FGjiaods.png,out_images\images\All__img.png
All,,https://apis.dfbiu.com/uploads/images/apipicture/affiliates/FG/FGghxc.png,out_images\images\All__img.png
All,,https://apis.dfbiu.com/uploads/images/apipicture/affiliates/FG/FGjgwc.png,out_images\images\All__img.png
All,,https://apis.dfbiu.com/uploads/images/apipicture/affiliates/FG/FGxsjr.png,out_images\images\All__img.png
All,招财进宝,https://apis.dfbiu.com/uploads/images/apipicture/affiliates/FG/FGzcjb.png,out_images\images\All__招财进宝.png
All,哥谭魅影猫女,https://apis.dfbiu.com/uploads/images/apipicture/affiliates/FG/FGgtmymn.png,out_images\images\All__哥谭魅影猫女.png
All,瑞狗迎春,https://apis.dfbiu.com/uploads/images/apipicture/affiliates/FG/FGrgyc.png,out_images\images\All__瑞狗迎春.png
All,捕鱼达人,https://apis.dfbiu.com/uploads/images/apipicture/affiliates/FG/FGFishing.png,out_images\images\All__捕鱼达人.png
All,愤怒的小鸟,https://apis.dfbiu.com/uploads/images/apipicture/affiliates/FG/FGAngrybirds.png,out_images\images\All__愤怒的小鸟.png
All,十二生肖,https://apis.dfbiu.com/uploads/images/apipicture/affiliates/FG/FGZodiac.png,out_images\images\All__十二生肖.png
All,十二星座,https://apis.dfbiu.com/uploads/images/apipicture/affiliates/FG/FGConstellation.png,out_images\images\All__十二星座.png
All,鸟叔,https://apis.dfbiu.com/uploads/images/apipicture/affiliates/FG/FGmpjs.png,out_images\images\All__鸟叔.png
All,粉红女郎,https://apis.dfbiu.com/uploads/images/apipicture/affiliates/FG/FGmpg.png,out_images\images\All__粉红女郎.png
All,众神之王,https://apis.dfbiu.com/uploads/images/apipicture/affiliates/FG/FGmmm.png,out_images\images\All__众神之王.png
All,,https://apis.dfbiu.com/uploads/images/apipicture/affiliates/FG/FGzcjb.png,out_images\images\All__img.png
All,,https://apis.dfbiu.com/uploads/images/apipicture/affiliates/FG/FGgtmymn.png,out_images\images\All__img.png
All,,https://apis.dfbiu.com/uploads/images/apipicture/affiliates/FG/FGrgyc.png,out_images\images\All__img.png
All,,https://apis.dfbiu.com/uploads/images/apipicture/affiliates/FG/FGFishing.png,out_images\images\All__img.png
All,,https://apis.dfbiu.com/uploads/images/apipicture/affiliates/FG/FGAngrybirds.png,out_images\images\All__img.png
All,,https://apis.dfbiu.com/uploads/images/apipicture/affiliates/FG/FGZodiac.png,out_images\images\All__img.png
All,,https://apis.dfbiu.com/uploads/images/apipicture/affiliates/FG/FGConstellation.png,out_images\images\All__img.png
All,,https://apis.dfbiu.com/uploads/images/apipicture/affiliates/FG/FGmpjs.png,out_images\images\All__img.png
All,,https://apis.dfbiu.com/uploads/images/apipicture/affiliates/FG/FGmpg.png,out_images\images\All__img.png
All,,https://apis.dfbiu.com/uploads/images/apipicture/affiliates/FG/FGmmm.png,out_images\images\All__img.png
All,幸运水果机,https://apis.dfbiu.com/uploads/images/apipicture/affiliates/FG/FGmlfm.png,out_images\images\All__幸运水果机.png
All,神雕侠侣,https://apis.dfbiu.com/uploads/images/apipicture/affiliates/FG/FGwsdxl.png,out_images\images\All__神雕侠侣.png
All,笑傲江湖,https://apis.dfbiu.com/uploads/images/apipicture/affiliates/FG/FGwxajh.png,out_images\images\All__笑傲江湖.png
All,鹿鼎记,https://apis.dfbiu.com/uploads/images/apipicture/affiliates/FG/FGwldj.png,out_images\images\All__鹿鼎记.png
All,天龙八部,https://apis.dfbiu.com/uploads/images/apipicture/affiliates/FG/FGwtlbb.png,out_images\images\All__天龙八部.png
All,女校体操队,https://apis.dfbiu.com/uploads/images/apipicture/affiliates/FG/FGsgt.png,out_images\images\All__女校体操队.png
All,女校啦啦队,https://apis.dfbiu.com/uploads/images/apipicture/affiliates/FG/FGscs.png,out_images\images\All__女校啦啦队.png
All,女校游泳队,https://apis.dfbiu.com/uploads/images/apipicture/affiliates/FG/FGsst.png,out_images\images\All__女校游泳队.png
All,武松打虎,https://apis.dfbiu.com/uploads/images/apipicture/affiliates/FG/FGwsdf.png,out_images\images\All__武松打虎.png
All,,https://apis.dfbiu.com/uploads/images/apipicture/affiliates/FG/FGmdl.png,out_images\images\All__img.png
All,,https://apis.dfbiu.com/uploads/images/apipicture/affiliates/FG/FGmlfm.png,out_images\images\All__img.png
All,,https://apis.dfbiu.com/uploads/images/apipicture/affiliates/FG/FGwsdxl.png,out_images\images\All__img.png
All,,https://apis.dfbiu.com/uploads/images/apipicture/affiliates/FG/FGwxajh.png,out_images\images\All__img.png
All,,https://apis.dfbiu.com/uploads/images/apipicture/affiliates/FG/FGwldj.png,out_images\images\All__img.png
All,,https://apis.dfbiu.com/uploads/images/apipicture/affiliates/FG/FGwtlbb.png,out_images\images\All__img.png
All,,https://apis.dfbiu.com/uploads/images/apipicture/affiliates/FG/FGsgt.png,out_images\images\All__img.png
All,,https://apis.dfbiu.com/uploads/images/apipicture/affiliates/FG/FGscs.png,out_images\images\All__img.png
All,,https://apis.dfbiu.com/uploads/images/apipicture/affiliates/FG/FGsst.png,out_images\images\All__img.png
All,,https://apis.dfbiu.com/uploads/images/apipicture/affiliates/FG/FGwsdf.png,out_images\images\All__img.png
All,钻石之恋,https://apis.dfbiu.com/uploads/images/apipicture/affiliates/FG/FGmdl.png,out_images\images\All__钻石之恋.png
All,金瓶梅,https://apis.dfbiu.com/uploads/images/apipicture/affiliates/FG/FGjpm.png,out_images\images\All__金瓶梅.png
All,四大美女,https://apis.dfbiu.com/uploads/images/apipicture/affiliates/FG/FGsdmn.png,out_images\images\All__四大美女.png
All,七夕情缘,https://apis.dfbiu.com/uploads/images/apipicture/affiliates/FG/FGqxqy.png,out_images\images\All__七夕情缘.png
All,哪吒闹海,https://apis.dfbiu.com/uploads/images/apipicture/affiliates/FG/FGnznh.png,out_images\images\All__哪吒闹海.png
All,战争,https://apis.dfbiu.com/uploads/images/apipicture/affiliates/FG/FGzz.png,out_images\images\All__战争.png
All,神秘东方,https://apis.dfbiu.com/uploads/images/apipicture/affiliates/FG/FGsmdf.png,out_images\images\All__神秘东方.png
All,印第安,https://apis.dfbiu.com/uploads/images/apipicture/affiliates/FG/FGyda.png,out_images\images\All__印第安.png
All,玛雅,https://apis.dfbiu.com/uploads/images/apipicture/affiliates/FG/FGmy.png,out_images\images\All__玛雅.png
All,富饶农场,https://apis.dfbiu.com/uploads/images/apipicture/affiliates/FG/FGfrnc.png,out_images\images\All__富饶农场.png
All,,https://apis.dfbiu.com/uploads/images/apipicture/affiliates/FG/FGhlm.png,out_images\images\All__img.png
All,,https://apis.dfbiu.com/uploads/images/apipicture/affiliates/FG/FGjpm.png,out_images\images\All__img.png
All,,https://apis.dfbiu.com/uploads/images/apipicture/affiliates/FG/FGsdmn.png,out_images\images\All__img.png
All,,https://apis.dfbiu.com/uploads/images/apipicture/affiliates/FG/FGqxqy.png,out_images\images\All__img.png
All,,https://apis.dfbiu.com/uploads/images/apipicture/affiliates/FG/FGnznh.png,out_images\images\All__img.png
All,,https://apis.dfbiu.com/uploads/images/apipicture/affiliates/FG/FGzz.png,out_images\images\All__img.png
All,,https://apis.dfbiu.com/uploads/images/apipicture/affiliates/FG/FGsmdf.png,out_images\images\All__img.png
All,,https://apis.dfbiu.com/uploads/images/apipicture/affiliates/FG/FGyda.png,out_images\images\All__img.png
All,,https://apis.dfbiu.com/uploads/images/apipicture/affiliates/FG/FGmy.png,out_images\images\All__img.png
All,,https://apis.dfbiu.com/uploads/images/apipicture/affiliates/FG/FGfrnc.png,out_images\images\All__img.png
All,红楼梦,https://apis.dfbiu.com/uploads/images/apipicture/affiliates/FG/FGhlm.png,out_images\images\All__红楼梦.png
All,格斗之王,https://apis.dfbiu.com/uploads/images/apipicture/affiliates/FG/FGgdzw.png,out_images\images\All__格斗之王.png
All,剑侠情缘,https://apis.dfbiu.com/uploads/images/apipicture/affiliates/FG/FGjxqy.png,out_images\images\All__剑侠情缘.png
All,绿野仙踪,https://apis.dfbiu.com/uploads/images/apipicture/affiliates/FG/FGlyxz.png,out_images\images\All__绿野仙踪.png
All,古墓丽影,https://apis.dfbiu.com/uploads/images/apipicture/affiliates/FG/FGgmly.png,out_images\images\All__古墓丽影.png
All,刺客信条,https://apis.dfbiu.com/uploads/images/apipicture/affiliates/FG/FGckxt.png,out_images\images\All__刺客信条.png
All,武圣关云长,https://apis.dfbiu.com/uploads/images/apipicture/affiliates/FG/FGwsgyc.png,out_images\images\All__武圣关云长.png
All,女校剑道部,https://apis.dfbiu.com/uploads/images/apipicture/affiliates/FG/FGnxjdb.png,out_images\images\All__女校剑道部.png
All,女校橄榄球,https://apis.dfbiu.com/uploads/images/apipicture/affiliates/FG/FGnxglq.png,out_images\images\All__女校橄榄球.png
All,女校足球队,https://apis.dfbiu.com/uploads/images/apipicture/affiliates/FG/FGnxzqd.png,out_images\images\All__女校足球队.png
All,,https://apis.dfbiu.com/uploads/images/apipicture/affiliates/FG/FGhzzh.png,out_images\images\All__img.png
All,,https://apis.dfbiu.com/uploads/images/apipicture/affiliates/FG/FGgdzw.png,out_images\images\All__img.png
All,,https://apis.dfbiu.com/uploads/images/apipicture/affiliates/FG/FGjxqy.png,out_images\images\All__img.png
All,,https://apis.dfbiu.com/uploads/images/apipicture/affiliates/FG/FGlyxz.png,out_images\images\All__img.png
All,,https://apis.dfbiu.com/uploads/images/apipicture/affiliates/FG/FGgmly.png,out_images\images\All__img.png
All,,https://apis.dfbiu.com/uploads/images/apipicture/affiliates/FG/FGckxt.png,out_images\images\All__img.png
All,,https://apis.dfbiu.com/uploads/images/apipicture/affiliates/FG/FGwsgyc.png,out_images\images\All__img.png
All,,https://apis.dfbiu.com/uploads/images/apipicture/affiliates/FG/FGnxjdb.png,out_images\images\All__img.png
All,,https://apis.dfbiu.com/uploads/images/apipicture/affiliates/FG/FGnxglq.png,out_images\images\All__img.png
All,,https://apis.dfbiu.com/uploads/images/apipicture/affiliates/FG/FGnxzqd.png,out_images\images\All__img.png
All,黑珍珠号,https://apis.dfbiu.com/uploads/images/apipicture/affiliates/FG/FGhzzh.png,out_images\images\All__黑珍珠号.png
All,吸血鬼PK狼人,https://apis.dfbiu.com/uploads/images/apipicture/affiliates/FG/FGxxgpklr.png,out_images\images\All__吸血鬼PK狼人.png
All,希腊传说,https://apis.dfbiu.com/uploads/images/apipicture/affiliates/FG/FGxlcs.png,out_images\images\All__希腊传说.png
All,阿凡达,https://apis.dfbiu.com/uploads/images/apipicture/affiliates/FG/FGAvatar.png,out_images\images\All__阿凡达.png
All,守望英雄,https://apis.dfbiu.com/uploads/images/apipicture/affiliates/FG/FGWatch.png,out_images\images\All__守望英雄.png
All,植物大战僵尸,https://apis.dfbiu.com/uploads/images/apipicture/affiliates/FG/FGPVZ.png,out_images\images\All__植物大战僵尸.png
All,侏罗纪,https://apis.dfbiu.com/uploads/images/apipicture/affiliates/FG/FGJurassic.png,out_images\images\All__侏罗纪.png
All,功夫熊猫,https://apis.dfbiu.com/uploads/images/apipicture/affiliates/FG/FGPanda.png,out_images\images\All__功夫熊猫.png
All,加勒比海盗,https://apis.dfbiu.com/uploads/images/apipicture/affiliates/FG/FGPirates.png,out_images\images\All__加勒比海盗.png
All,甜水绿洲,https://apis.dfbiu.com/uploads/images/apipicture/affiliates/FG/FGLushwater.png,out_images\images\All__甜水绿洲.png
All,,https://apis.dfbiu.com/uploads/images/apipicture/affiliates/FG/FGmhxy.png,out_images\images\All__img.png
All,,https://apis.dfbiu.com/uploads/images/apipicture/affiliates/FG/FGxxgpklr.png,out_images\images\All__img.png
All,,https://apis.dfbiu.com/uploads/images/apipicture/affiliates/FG/FGxlcs.png,out_images\images\All__img.png
All,,https://apis.dfbiu.com/uploads/images/apipicture/affiliates/FG/FGAvatar.png,out_images\images\All__img.png
All,,https://apis.dfbiu.com/uploads/images/apipicture/affiliates/FG/FGWatch.png,out_images\images\All__img.png
All,,https://apis.dfbiu.com/uploads/images/apipicture/affiliates/FG/FGPVZ.png,out_images\images\All__img.png
All,,https://apis.dfbiu.com/uploads/images/apipicture/affiliates/FG/FGJurassic.png,out_images\images\All__img.png
All,,https://apis.dfbiu.com/uploads/images/apipicture/affiliates/FG/FGPanda.png,out_images\images\All__img.png
All,,https://apis.dfbiu.com/uploads/images/apipicture/affiliates/FG/FGPirates.png,out_images\images\All__img.png
All,,https://apis.dfbiu.com/uploads/images/apipicture/affiliates/FG/FGLushwater.png,out_images\images\All__img.png
All,梦幻西游,https://apis.dfbiu.com/uploads/images/apipicture/affiliates/FG/FGMowf.png,out_images\images\All__梦幻西游.png
All,世界末日,https://apis.dfbiu.com/uploads/images/apipicture/affiliates/FG/FGDoomsday.png,out_images\images\All__世界末日.png
All,性感女神,https://apis.dfbiu.com/uploads/images/apipicture/affiliates/FG/FGPinup.png,out_images\images\All__性感女神.png
All,新年符号,https://apis.dfbiu.com/uploads/images/apipicture/affiliates/FG/FGNysymbols.png,out_images\images\All__新年符号.png
All,埃菲尔,https://apis.dfbiu.com/uploads/images/apipicture/affiliates/FG/FGEiffel.png,out_images\images\All__埃菲尔.png
All,怪物命运,https://apis.dfbiu.com/uploads/images/apipicture/affiliates/FG/FGgwmy.png,out_images\images\All__怪物命运.png
All,荣耀王者,https://apis.dfbiu.com/uploads/images/apipicture/affiliates/FG/FGrywz.png,out_images\images\All__荣耀王者.png
All,封神榜,https://apis.dfbiu.com/uploads/images/apipicture/affiliates/FG/FGfsb.png,out_images\images\All__封神榜.png
All,指环王,https://apis.dfbiu.com/uploads/images/apipicture/affiliates/FG/FGzhw.png,out_images\images\All__指环王.png
All,白蛇传,https://apis.dfbiu.com/uploads/images/apipicture/affiliates/FG/FGbsz.png,out_images\images\All__白蛇传.png
All,,https://apis.dfbiu.com/uploads/images/apipicture/affiliates/FG/FGMowf.png,out_images\images\All__img.png
All,,https://apis.dfbiu.com/uploads/images/apipicture/affiliates/FG/FGDoomsday.png,out_images\images\All__img.png
All,,https://apis.dfbiu.com/uploads/images/apipicture/affiliates/FG/FGPinup.png,out_images\images\All__img.png
All,,https://apis.dfbiu.com/uploads/images/apipicture/affiliates/FG/FGNysymbols.png,out_images\images\All__img.png
All,,https://apis.dfbiu.com/uploads/images/apipicture/affiliates/FG/FGEiffel.png,out_images\images\All__img.png
All,,https://apis.dfbiu.com/uploads/images/apipicture/affiliates/FG/FGgwmy.png,out_images\images\All__img.png
All,,https://apis.dfbiu.com/uploads/images/apipicture/affiliates/FG/FGrywz.png,out_images\images\All__img.png
All,,https://apis.dfbiu.com/uploads/images/apipicture/affiliates/FG/FGfsb.png,out_images\images\All__img.png
All,,https://apis.dfbiu.com/uploads/images/apipicture/affiliates/FG/FGzhw.png,out_images\images\All__img.png
All,,https://apis.dfbiu.com/uploads/images/apipicture/affiliates/FG/FGbsz.png,out_images\images\All__img.png
All,现代战争,https://apis.dfbiu.com/uploads/images/apipicture/affiliates/FG/FGMowf.png,out_images\images\All__现代战争.png
All,海盗财富,https://apis.dfbiu.com/uploads/images/apipicture/affiliates/FG/FGhdcf.png,out_images\images\All__海盗财富.png
All,80天旅行,https://apis.dfbiu.com/uploads/images/apipicture/affiliates/FG/FG80tlx.png,out_images\images\All__80天旅行.png
All,梦游仙境,https://apis.dfbiu.com/uploads/images/apipicture/affiliates/FG/FGmyxj.png,out_images\images\All__梦游仙境.png
All,仙剑,https://apis.dfbiu.com/uploads/images/apipicture/affiliates/FG/FGxj.png,out_images\images\All__仙剑.png
All,埃及艳后,https://apis.dfbiu.com/uploads/images/apipicture/affiliates/FG/FGmny.png,out_images\images\All__埃及艳后.png
All,荒野大镖客,https://apis.dfbiu.com/uploads/images/apipicture/affiliates/FG/FGnz2.png,out_images\images\All__荒野大镖客.png
All,拉斯维加斯,https://apis.dfbiu.com/uploads/images/apipicture/affiliates/FG/FGwjs.png,out_images\images\All__拉斯维加斯.png
All,幻想大陆,https://apis.dfbiu.com/uploads/images/apipicture/affiliates/FG/FGhxdl.png,out_images\images\All__幻想大陆.png
All,西部牛仔,https://apis.dfbiu.com/uploads/images/apipicture/affiliates/FG/FGnz.png,out_images\images\All__西部牛仔.png
All,,https://apis.dfbiu.com/uploads/images/apipicture/affiliates/FG/FGxy.png,out_images\images\All__img.png
All,,https://apis.dfbiu.com/uploads/images/apipicture/affiliates/FG/FGhdcf.png,out_images\images\All__img.png
All,,https://apis.dfbiu.com/uploads/images/apipicture/affiliates/FG/FG80tlx.png,out_images\images\All__img.png
All,,https://apis.dfbiu.com/uploads/images/apipicture/affiliates/FG/FGmyxj.png,out_images\images\All__img.png
All,,https://apis.dfbiu.com/uploads/images/apipicture/affiliates/FG/FGxj.png,out_images\images\All__img.png
All,,https://apis.dfbiu.com/uploads/images/apipicture/affiliates/FG/FGmny.png,out_images\images\All__img.png
All,,https://apis.dfbiu.com/uploads/images/apipicture/affiliates/FG/FGnz2.png,out_images\images\All__img.png
All,,https://apis.dfbiu.com/uploads/images/apipicture/affiliates/FG/FGwjs.png,out_images\images\All__img.png
All,,https://apis.dfbiu.com/uploads/images/apipicture/affiliates/FG/FGhxdl.png,out_images\images\All__img.png
All,,https://apis.dfbiu.com/uploads/images/apipicture/affiliates/FG/FGnz.png,out_images\images\All__img.png
All,西游,https://apis.dfbiu.com/uploads/images/apipicture/affiliates/FG/FGxy.png,out_images\images\All__西游.png
All,战舰少女,https://apis.dfbiu.com/uploads/images/apipicture/affiliates/FG/FGzjsn.png,out_images\images\All__战舰少女.png
All,街头霸王,https://apis.dfbiu.com/uploads/images/apipicture/affiliates/FG/FGjtbw.png,out_images\images\All__街头霸王.png
All,欢乐水果,https://apis.dfbiu.com/uploads/images/apipicture/affiliates/FG/FGsg.png,out_images\images\All__欢乐水果.png
All,火影忍者,https://apis.dfbiu.com/uploads/images/apipicture/affiliates/FG/FGhyrz.png,out_images\images\All__火影忍者.png
All,大秦帝国,https://apis.dfbiu.com/uploads/images/apipicture/affiliates/FG/FGdqdg.png,out_images\images\All__大秦帝国.png
All,中世纪特权,https://apis.dfbiu.com/uploads/images/apipicture/affiliates/FG/FGzsjtq.png,out_images\images\All__中世纪特权.png
All,狂欢,https://apis.dfbiu.com/uploads/images/apipicture/affiliates/FG/FGkh.png,out_images\images\All__狂欢.png
All,埃及,https://apis.dfbiu.com/uploads/images/apipicture/affiliates/FG/FGEgypt.png,out_images\images\All__埃及.png
All,阿兹特克,https://apis.dfbiu.com/uploads/images/apipicture/affiliates/FG/FGazteke.png,out_images\images\All__阿兹特克.png
All,,https://apis.dfbiu.com/uploads/images/apipicture/affiliates/FG/FGzgf.png,out_images\images\All__img.png
All,,https://apis.dfbiu.com/uploads/images/apipicture/affiliates/FG/FGzjsn.png,out_images\images\All__img.png
All,,https://apis.dfbiu.com/uploads/images/apipicture/affiliates/FG/FGjtbw.png,out_images\images\All__img.png
All,,https://apis.dfbiu.com/uploads/images/apipicture/affiliates/FG/FGsg.png,out_images\images\All__img.png
All,,https://apis.dfbiu.com/uploads/images/apipicture/affiliates/FG/FGhyrz.png,out_images\images\All__img.png
All,,https://apis.dfbiu.com/uploads/images/apipicture/affiliates/FG/FGdqdg.png,out_images\images\All__img.png
All,,https://apis.dfbiu.com/uploads/images/apipicture/affiliates/FG/FGzsjtq.png,out_images\images\All__img.png
All,,https://apis.dfbiu.com/uploads/images/apipicture/affiliates/FG/FGkh.png,out_images\images\All__img.png
All,,https://apis.dfbiu.com/uploads/images/apipicture/affiliates/FG/FGEgypt.png,out_images\images\All__img.png
All,,https://apis.dfbiu.com/uploads/images/apipicture/affiliates/FG/FGazteke.png,out_images\images\All__img.png
All,东方国度,https://apis.dfbiu.com/uploads/images/apipicture/affiliates/FG/FGRoute66.png,out_images\images\All__东方国度.png
All,淘金热,https://apis.dfbiu.com/uploads/images/apipicture/affiliates/FG/FGtjr.png,out_images\images\All__淘金热.png
All,金刚,https://apis.dfbiu.com/uploads/images/apipicture/affiliates/FG/FGjg.png,out_images\images\All__金刚.png
All,摸金校尉,https://apis.dfbiu.com/uploads/images/apipicture/affiliates/FG/FGmjxw.png,out_images\images\All__摸金校尉.png
All,变形金刚,https://apis.dfbiu.com/uploads/images/apipicture/affiliates/FG/FGbxjg.png,out_images\images\All__变形金刚.png
All,,https://apis.dfbiu.com/uploads/images/apipicture/affiliates/FG/FGRoute66.png,out_images\images\All__img.png
All,,https://apis.dfbiu.com/uploads/images/apipicture/affiliates/FG/FGtjr.png,out_images\images\All__img.png
All,,https://apis.dfbiu.com/uploads/images/apipicture/affiliates/FG/FGjg.png,out_images\images\All__img.png
All,,https://apis.dfbiu.com/uploads/images/apipicture/affiliates/FG/FGmjxw.png,out_images\images\All__img.png
All,,https://apis.dfbiu.com/uploads/images/apipicture/affiliates/FG/FGbxjg.png,out_images\images\All__img.png
